snt_id,pragmatics,section,para,chinese_offset
1,,1,0,7.47
2,,1,0,11.3
3,,1,0,14.07
4,死亡,1,1,19.93
5,,1,1,26.22
6,,1,2,34.13
7,,1,2,35.98
8,,1,3,44
9,成人和儿童如何以不同的方式看待世界成人们看到的是帽子忽略图画背后的真实故事蟒蛇吞象成人往往丢失了他们的想象力和深入事物表面的能力而孩子们的想象力丰富能看到超越表面,1,4,49.6
10,,1,5,51.7
11,,1,5,54.39
12,那些没有诗意或想象力的人小王子和飞行员因绘画建立深厚友谊通过想象的语言交流小王子请求画羊来解决猴面包树问题飞行员认真对待进入孩子的世界,1,5,61.97
13,那些没有诗意或想象力的人小王子和飞行员通过画作建立友谊用想象的语言交流飞行员认真对待小王子的需求进入孩子的世界在沙漠中经历考验彼此理解认同画作的重要性,1,5,64.53
14,社会常常强调实用性和现实主义而忽略或压制个人的创造力和想象力大人们劝导作者放弃绘画转而关注传统学科社会对于个人天赋的忽视和对实用主义的偏好,1,6,77.91
15,,1,6,83.63
16,,1,6,87.82
17,小王子和飞行员通过画作建立友谊用想象的语言交流飞行员认真对待小王子的需求进入孩子的世界在沙漠中经历考验彼此理解认同画作的重要性,1,6,93.93
18,,1,7,99.46
19,,1,7,101.71
20,,1,7,104.78
21,,1,7,107.7
22,,1,7,110.7
23,,1,8,115.83
24,,1,8,118.51
25,,1,8,120.52
26,,1,8,124.18
27,,1,9,132.24
28,大人们始终无法理解孩子们的内心世界,1,9,135.59
29,,1,9,139.44
30,,1,9,144.33
31,,1,9,146.27
32,,1,9,150.76
33,个体为了适应社会或被社会接纳而牺牲自己真正的兴趣和个性社会常常要求个体顺应主流价值观放弃自己的独特性和创造性,1,9,156.02
34,生活出现了困境,1,10,165.43
35,,1,10,175.31
36,,1,10,178.56
37,,1,10,181.7
38,内心的孤独和寻找生命中真正重要事物的旅程,1,11,186.15
39,,1,11,190.54
40,,1,11,198.41
41,纯真与简单的生活引导成人进入儿童的世界一个充满想象和创造的世界通过这个请求小王子不仅仅是要求得到一只羊的画更是在邀请飞行员打开心门重新发现那份被成人世界遗忘的纯真和想象力,1,12,203.43
42,,1,13,204.58
43,,1,14,206.44
44,,1,15,210.66
45,,1,15,212.91
46,,1,15,213.88
47,,1,15,218.33
48,,1,15,222.14
49,,1,15,227.34
50,,1,15,229.17
51,,1,15,238.96
52,,1,16,243.49
53,,1,16,248.43
54,,1,16,256.59
55,小王子虽然处于远离人烟的荒凉之地却没有显示出任何迷路疲惫饥渴或恐惧的迹象内在力量和自信的象征即使在面对困难和孤独的情况下也能保持镇定和勇气,1,16,261.36
56,,1,17,268.91
57,,1,18,283.25
58,,1,19,293.68
59,,1,19,303.94
60,,1,19,306.91
61,,1,19,308.46
62,,1,20,314.5
63,,1,20,316.19
64,,1,21,321.03
65,,1,22,324.93
66,,1,22,328.81
67,,1,22,330.8
68,,1,22,332.19
69,,1,22,334.32
70,,1,23,336.38
71,,1,24,340.44
72,,1,24,343.04
73,,1,24,344.82
74,,1,25,355.7
75,,1,25,365.73
76,,1,25,368.47
77,这不仅仅是一个盒子选择的力量让人自由成为任何想成为的人如同给一张空白支票小王子通过盒子选择他的羊样貌解决了潜在问题消除了已存在的问题,1,26,378.68
78,最重要的东西往往不是肉眼可见的而是通过心灵和想象力才能感知的选择的力量让人自由成为任何想成为的人如同给一张空白支票小王子通过盒子选择羊样貌解决潜在和已存在的问题这力量不可被高估,1,26,380.55
79,选择的力量让人自由成为任何想成为的人如同给一张空白支票小王子通过盒子选择羊样貌解决潜在和已存在的问题这力量不可被高估,1,27,389.07
80,,1,27,391.96
81,,1,28,393.29
82,每个人的世界观和生活环境是相对和主观的每个人的内心世界都是独特的我们看待事物的方式深受个人经历和想象的影响,1,29,400.07
83,,1,29,402.94
84,,1,30,407.7
85,,1,30,413.42
86,,1,31,417.72
87,,1,31,424.44
88,,1,31,428.47
89,,1,31,439.14
90,,1,32,440.94
91,,1,32,441.89
92,,1,32,443.14
93,生活,1,32,444.32
94,,1,33,447.08
95,,1,33,449.95
96,我的生活出现了问题,1,33,451.93
97,,1,34,454.61
98,,1,35,455.4
99,,1,35,456.75
100,,1,36,462.01
101,小王子对飞行员不幸的轻松态度以及飞行员要求被严肃对待的愿望成人倾向于将重点放在物质和表面的问题上而忽略了生活的本质和简单的快乐小王子的态度挑战了这种观念从儿童的视角看世界可能更接近生活的真谛,1,36,464.58
102,,1,36,469.1
103,,1,36,471.23
104,小王子和飞行员相遇两个世界成人的现实充满挑战和不幸小王子的内在世界充满好奇和纯真这相遇展现不同态度,1,37,481.95
105,,1,38,484.27
106,,1,38,497.43
107,,1,38,502.08
108,,1,39,507.48
109,,1,39,513.5
110,,1,39,515.21
111,,1,39,517.43
112,,1,40,525.25
113,,1,41,526.67
114,限制和束缚,1,41,531.16
115,,1,42,536.01
116,,1,42,537.52
117,,1,43,542.27
118,,1,44,547.55
119,,1,45,549.31
120,,1,45,557.74
121,飞行员建议用绳子拴住小羊的想法成人世界试图通过控制和规则来维护秩序和安全而小王子的回应强调了放手让他人或动物有自己的空间和选择的重要性这也是对成长和自我发现过程的尊重,1,46,564.95
122,,2,47,6.22
123,,2,48,8.82
124,,2,48,20.39
125,,2,48,25.85
126,,2,48,28.83
127,小王子的家虽小但独一无二每个存在都有其独特价值在宇宙中同样重要,2,49,34.96
128,,2,49,42.34
129,,2,50,49.41
130,,2,50,53.93
131,大人们只注重外在,2,50,56.39
132,,2,51,67.13
133,,2,51,73.53
134,,2,51,76.61
135,,2,52,85.16
136,被社会规训而看不到本质的大人,2,52,90.83
137,被社会规训而看不到本质的大人,2,52,94.16
138,被社会规训而看不到本质的大人,2,52,96.16
139,被社会规训而看不到本质的大人,2,52,98.28
140,被社会规训而看不到本质的大人,2,52,101.5
141,被社会规训而看不到本质的大人,2,52,102.68
142,被社会规训而看不到本质的大人,2,52,103.95
143,被社会规训而看不到本质的大人,2,52,105.8
144,被社会规训而看不到本质的大人,2,52,109.18
145,被社会规训而看不到本质的大人,2,52,122.18
146,被社会规训而看不到本质的大人,2,52,126.59
147,成人关注外在信息忽略性格兴趣情感关注表面现象忽视深层人格特质被社会规训看不到本质,2,52,130.04
148,被社会规训而看不到本质的大人,2,53,137.69
149,被社会规训而看不到本质的大人,2,53,147.61
150,成人以量化标签评判事物,2,53,159.16
151,被社会规训而看不到本质的大人,2,53,160.95
152,被社会规训而看不到本质的大人,2,53,165.32
153,,2,53,163.91
154,,2,54,171.31
155,,2,54,174.93
156,,2,54,189.57
157,,2,55,196.62
158,,2,55,200.45
159,,2,55,206.26
160,,2,55,210.28
161,,2,55,213.68
162,,2,55,219.62
163,,2,55,224.55
164,,2,55,236.54
165,,2,56,241.07
166,,2,56,243.58
167,,2,56,247.62
168,,2,56,257.51
169,,2,56,260.5
170,,2,56,266.19
171,,2,56,269.86
172,,2,56,272.54
173,,2,56,276.56
174,,2,56,278.5
175,内在世界和想象力一个充满无限可能性的空间需要个体自己去发现和解释,2,56,283.38
176,,2,56,286.16
177,,2,56,289.05
178,,2,57,295.8
179,,2,57,299.55
180,一种威胁这些大树如果不加以控制会覆盖整个星球破坏其生态平衡生活中潜在的大问题如果不加以及时处理最终可能失控并引起严重后果,2,57,305.48
181,小问题如果不加注意和管理它们会长成难以控制的猴面包树防患于未然,2,58,315.5
182,,2,59,316.82
183,,2,59,318.01
184,,2,60,319.15
185,,2,60,321.17
186,,2,61,325.65
187,,2,61,331.37
188,力量和解决大问题提到即使是带回一群大象也啃不了一棵猴面包树有些问题是如此巨大即便是集合了巨大力量也难以一下子解决,2,62,342.44
189,,2,63,356.07
190,,2,64,358.61
191,善念战胜,2,64,362.47
192,,2,65,368.94
193,,2,65,373.42
194,地控制问题和坏倾向维持世界秩序猴面包树代表未控制的错误或自私欲望可能摧毁星球,2,66,380.23
195,善与恶或者是积极与消极影响的人或事物它们存在于星球社会或个人的内心世界上不易被看见但最终会影响整个环境,2,66,384.31
196,,2,66,386.72
197,猴面包树为好坏倾向若不控制错误或自私欲望可能摧毁整个环境,2,66,391.63
198,自然和无害的东西它可以自由生长那些有益且被接受的自然属性或人的品质爱人,2,66,403.22
199,,2,66,408.19
200,,2,66,415.06
201,,2,66,418.75
202,,2,66,424.21
203,,2,66,426.5
204,,2,66,428.88
205,灾难在事态升级之前更好处理将任何带来问题的事物视为猴面包树象征性地这些植物象征欲望需加控制,2,66,434.62
206,,2,67,440.07
207,,2,67,444.75
208,爱人,2,67,455.36
209,,2,67,461.03
210,猴面包树好坏倾向及时处理以维持秩序若不控制错误和自私欲望会摧毁星球,2,68,468.99
211,,2,68,476.1
212,,2,68,481.79
213,,2,68,487.21
214,,2,68,491.06
215,一开始没有把未来可发生的风险清除造成未来的麻烦,2,68,498.34
216,智慧和给予指导或忠告的人飞行员虽然不喜欢教训人但在猴面包树苗的问题上他觉得有必要打破自己的习惯以道学家的身份发出警告,2,69,501.97
217,,2,69,514.23
218,,2,69,516.85
219,,2,69,519.15
220,,2,69,531.39
221,,2,69,536.99
222,,2,69,542.64
223,,2,69,550.04
224,,2,69,554.77
225,,2,70,557.06
226,,2,70,561.96
227,,2,70,568.24
228,小王子喜欢看日落对于安宁反思和内心体验的渴望日落通常与一天的结束宁静和美好的时刻联系在一起小王子内心的感受和需要,2,70,576
229,,2,70,583.97
230,,2,71,587.77
231,,2,72,593
232,,2,72,597.47
233,,2,73,599.1
234,,2,73,604.61
235,,2,73,608.03
236,,2,73,610.98
237,,2,73,616.11
238,孤独悲伤痛苦人和世界,2,73,625.92
239,孤独悲伤痛苦人和世界,2,74,639.51
240,孤独悲伤痛苦人和世界,2,75,642.66
241,,3,76,5.02
242,冲动行为忽视长远后果,3,76,19.21
243,,3,76,21.27
244,,3,77,22.84
245,,3,78,25.26
246,,3,79,27.87
247,,3,79,32.37
248,,3,79,39.52
249,,3,80,41.75
250,,3,81,45.15
251,,3,81,53.72
252,,3,82,54.85
253,,3,83,60.32
254,爱,3,83,61.75
255,爱,3,83,62.99
256,爱,3,83,64.99
257,保护机制人或事物用来保护自己免受伤害的防御措施爱,3,83,69.98
258,,3,83,74.37
259,,3,83,78.3
260,,3,79.01,
261,,3,80.22,
262,,3,84,85.2
263,,3,84,86.58
264,,3,84,88.29
265,人对自己的认识和世界的关系什么是意义重要的事情,3,85,89.91
266,人对自己的认识和世界的关系什么是意义重要的事情,3,86,96.22
267,人对自己的认识和世界的关系什么是意义重要的事情,3,87,99.51
268,人对自己的认识和世界的关系什么是意义重要的事情,3,88,102.41
269,人对自己的认识和世界的关系什么是意义重要的事情,3,88,107.83
270,,3,89,109.96
271,忽视美好专注物质缺乏情感,3,89,117.27
272,人对自己的认识和世界的关系什么是意义重要的事情,3,89,119.11
273,人对自己的认识和世界的关系什么是意义重要的事情,3,89,121.42
274,人对自己的认识和世界的关系什么是意义重要的事情,3,89,123.43
275,人对自己的认识和世界的关系什么是意义重要的事情,3,89,126.27
276,人对自己的认识和世界的关系什么是意义重要的事情,3,89,131.47
277,人对自己的认识和世界的关系什么是意义重要的事情,3,89,133.84
278,人对自己的认识和世界的关系什么是意义重要的事情,3,89,136.35
279,,3,90,137.59
280,生活缺乏深度和丰富性的人他们像蘑菇一样只是存在而没有真正生活在这里蘑菇成了空洞无意义生活的没有感情和美好体验的人生就如同没有生命力的蘑菇,3,91,139.07
281,,3,92,142.43
282,人对自己的认识和世界的关系什么是意义重要的事情,3,93,146.43
283,人对自己的认识和世界的关系什么是意义重要的事情,3,93,149.26
284,儿努力与成果常存矛盾,3,93,155.22
285,人对自己的认识和世界的关系什么是意义重要的事情,3,93,157.78
286,人对自己的认识和世界的关系什么是意义重要的事情,3,93,161.62
287,人对自己的认识和世界的关系什么是意义重要的事情,3,93,172.46
288,独特事物和关系幸福与人生意义,3,94,186.27
289,梦想人对自己的认识和世界的关系什么是意义重要的事情,3,94,197.81
290,人对自己的认识和世界的关系什么是意义重要的事情,3,94,200.03
291,,3,95,202.63
292,,3,95,204.57
293,,3,95,206.74
294,,3,95,208.39
295,,3,95,213.52
296,,3,95,221.35
297,,3,95,223.25
298,,3,95,224.19
299,尽全力保护所爱的人和事物免受伤害,3,95,232.04
300,,3,95,235.83
301,,3,95,246.91
302,,3,96,250.17
303,,3,96,261.1
304,,3,96,265.27
305,脆弱性爱与关怀滋养内外美,3,96,273.6
306,对生活中新变化的探索和对可能带来的影响的反思小王子对自然界深刻的感知和理解人类面对变化和新生事物时复杂的心理状态,3,96,276.63
307,,3,96,282.03
308,,3,96,295.28
309,,3,96,298.11
310,,3,96,302.17
311,,3,96,305.43
312,,3,96,309.23
313,,3,96,310.31
314,,3,96,311.95
315,,3,96,315.46
316,,3,96,320.68
317,,3,97,325.55
318,,3,98,336.87
319,,3,99,340.08
320,,3,99,347.73
321,,3,100,362.95
322,小王子的初恋,3,101,368.99
323,,3,101,376.72
324,,3,102,384.31
325,,3,103,387.57
326,,3,104,392.75
327,虚荣心的影响她对自己的外表和安全感到非常在意,3,104,395.54
328,,3,105,402.47
329,,3,105,408.78
330,,3,105,410.25
331,,3,105,414.43
332,,3,105,416.44
333,,3,105,418.42
334,,3,105,430.58
335,,3,106,434.13
336,,3,107,440.09
337,,3,108,447.18
338,,3,108,452.35
339,,3,109,458.89
340,,3,109,461.32
341,,3,109,466.32
342,恐惧潜在的危险或是过分的担忧花儿提到老虎让她感到不安尽管在她的世界里这种恐惧是不必要的人们可能会对不存在的威胁感到不安或是过度担心那些并不会影响到自己的事物,3,109,475.56
343,,3,109,479.22
344,,3,109,481.82
345,,3,109,483.75
346,,3,109,488.55
347,,3,109,490.9
348,,3,109,494.26
349,,3,110,498.91
350,,3,110,503.54
351,,3,110,506.56
352,,3,110,510.4
353,,3,110,512.38
354,,3,110,517.05
355,,3,110,514.03
356,,3,110,522.94
357,通过打扫火山对自己情感的清理和管理以防止不受控制的爆发,3,110,525.79
358,,3,110,530.63
359,,3,110,533.48
360,去掉贪欲,3,111,539.37
361,,3,111,542
362,,3,111,546.05
363,脆弱美丽的花朵爱体现在照顾上小王子滋养独特玫瑰并获得回报玫瑰让他生活美丽象征内外在美他追求智慧为了正确爱护她培养珍贵本质,3,111,552.28
364,,3,112,555.28
365,,3,113,557.34
366,,3,114,560.55
367,,3,115,562.3
368,,3,115,563.91
369,,3,116,567.49
370,,3,116,571.02
371,,3,116,574.35
372,,3,116,577.51
373,,3,116,580.92
374,,3,117,585.71
375,,3,117,589.45
376,,3,117,591.16
377,,3,117,594.09
378,,3,117,598.02
379,,3,117,599.56
380,,3,118,607.29
381,,3,118,608.72
382,生命中的威胁恐惧和不确定性花儿对野兽的无畏一种勇敢的态度愿意面对生活中的挑战和危险在成长的过程中面对困难和恐惧的重要性,3,119,616.23
383,,3,119,618.27
384,,3,119,620.21
385,,3,119,622.31
386,,3,119,624.97
387,,3,119,626.27
388,刺是花儿的自我保护机制防御和保护自己的手段花儿展示她的刺即使她愿意面对外界的风险也准备好保护自己不受伤害,3,120,630.06
389,,3,120,632.81
390,,3,120,635.57
391,,3,120,637.7
392,,3,121,641.03
393,花脆弱性小王子处理它的方式显示了它有多么脆弱美丽的花朵爱体现在照顾上小王子滋养独特玫瑰并获得回报玫瑰让他生活美丽象征内外在美他追求智慧为了正确爱护她培养珍贵本质,3,121,643.69
394,,4,122,7.4
395,,4,122,12.69
396,爱慕权势或以自我为中心的人权力的虚幻和权威的空洞国王声称对所有事物拥有权力但他的王国只有他一个人权力和控制欲望的荒谬性以及领导与权威的真正意义,4,123,15.55
397,,4,123,23.24
398,,4,124,24.16
399,,4,124,28.39
400,,4,125,33.69
401,权力,4,126,38.47
402,权力,4,126,40.32
403,权力,4,127,48.91
404,,4,128,56.35
405,,4,128,60.79
406,,4,129,65.76
407,,4,129,67.23
408,,4,130,71.04
409,,4,130,78.19
410,,4,130,81.25
411,,4,130,84.82
412,,4,130,85.79
413,,4,130,86.91
414,,4,130,88.08
415,,4,131,95.12
416,,4,132,96.19
417,,4,132,96.93
418,,4,132,98.55
419,,4,132,106.08
420,权力,4,133,110.1
421,权力,4,133,112.75
422,,4,133,114.63
423,,4,133,119.29
424,作为领导者或权威的人应当承担责任并意识到自己命令的合理性真正的领导力不仅在于下达命令更在于理解其命令的可行性和对他人的影响,4,134,129.19
425,,4,134,130.52
426,,4,135,135.39
427,,4,135,133.32
428,,4,136,142.53
429,,4,137,144.88
430,,4,137,146.48
431,,4,137,148.51
432,,4,138,156.7
433,,4,139,159.93
434,,4,140,163.84
435,,4,141,165.3
436,,4,142,170.69
437,,4,143,174
438,,4,143,171.97
439,,4,144,176.16
440,,4,145,180.61
441,国王声称统治一切包括所有星星权力和控制欲的极致表达然而这种声称权威对于控制自然法则和宇宙秩序的无力感真实的权力有其界限特别是在自然界和宇宙这样宏大的背景下,4,146,183.67
442,,4,147,186.41
443,,4,147,188.35
444,,4,147,190.09
445,,4,148,193.56
446,一天的结束时间的流逝以及反思和静谧的时刻在这里日落小王子对生活中宁静和美好瞬间的渴望对小王子来说日落不仅是天体运行的自然现象更是他个人情感体验和内心世界的一部分,4,148,205.91
447,,4,148,238.96
448,,4,149,243.6
449,,4,150,244.97
450,,4,150,250.12
451,,4,150,253.33
452,,4,150,257.77
453,,4,150,262.2
454,,4,151,265.11
455,,4,151,269.23
456,,4,152,272.11
457,,4,152,273.99
458,国王声称能够命令日落但他必须等到自然条件成熟即实际上的日落时间即使是权力最大的人也无法控制自然规律人类权力的局限和对自然的尊重,4,152,278.2
459,,4,153,282.29
460,,4,153,279.73
461,,4,154,283.62
462,,4,154,290.12
463,,4,154,290.91
464,,4,154,296.08
465,,4,154,298.79
466,,4,155,301.87
467,,4,155,303.72
468,,4,155,308.59
469,决定离开因为他没有看到日落对自由的渴望和对无效权威的失望当个体意识到外在控制的局限和虚幻时内心对于自由和真实体验的追求,4,155,309.67
470,别走权力,4,156,315.22
471,国王因刚得到一个臣民而感到自满权力的虚幻性以及因拥有一点权力而产生的自满态度这位国王对自己的权力感到骄傲尽管他的王国实际上非常有限几乎不存在,4,156,317.36
472,,4,157,318.85
473,,4,158,320.91
474,,4,159,324.04
475,,4,160,326.71
476,,4,160,329.86
477,国王以年老和走路累为由不巡视自己的王国逃避责任的态度即使是拥有权力的人也可能会找借口不履行他们的职责从而忽视了对他们领导下的人或事务的关照,4,160,336.2
478,,4,161,343.46
479,权力,4,161,349.58
480,权力,4,161,351.2
481,权力,4,161,354.06
482,权力,4,161,358.49
483,,4,162,363.02
484,,4,162,365.24
485,,4,163,366.45
486,,4,163,372.19
487,,4,163,374.42
488,,4,163,375.47
489,,4,163,377.45
490,,4,163,380.54
491,,4,163,385.75
492,,4,163,388.18
493,,4,164,395.35
494,,4,165,397.4
495,,4,166,408.39
496,,4,166,412.75
497,,4,166,422.75
498,,4,167,427.04
499,,4,168,429.62
500,,4,169,435.29
501,,4,170,438.72
502,,4,171,440.26
503,,4,171,442.83
504,,4,171,446.93
505,,4,172,450.9
506,,4,173,453.53
507,,4,173,455.81
508,,4,174,460.5
509,虽然帽子用于致意但由于没有人经过虚荣心所追求的认可其实是空洞和无意义的这位爱虚荣的人的行为虚荣心背后的孤独和缺乏真正的人际联系,4,174,464.58
510,,4,174,467.04
511,,4,175,471.86
512,,4,175,469.78
513,,4,176,477.16
514,,4,177,479.6
515,,4,177,483.83
516,,4,178,487.88
517,,4,178,490.24
518,,4,178,493.33
519,,4,178,502.9
520,虚荣,4,179,505.68
521,虚荣,4,179,509.02
522,虚荣,4,180,512.47
523,虚荣,4,180,510.49
524,虚荣,4,181,514.94
525,虚荣,4,182,522.93
526,,4,183,526.19
527,,4,184,527.89
528,,4,184,530.25
529,,4,185,538.9
530,,4,186,541.03
531,,4,187,547.48
532,,4,188,551.85
533,,4,188,558.11
534,,4,188,566.77
535,,4,189,571.38
536,人的痛苦和孤独,4,190,573.43
537,人的痛苦和孤独,4,190,574.86
538,人的痛苦和孤独,4,191,579.32
539,人的痛苦和孤独,4,192,584.91
540,不良嗜好或安于堕落的人逃避现实的态度酒鬼因为羞愧喝酒又因为喝酒而羞愧形成了一个恶性循环人们如何通过不健康的方式来逃避自我反省和面对真实问题人的痛苦和孤独,4,192,583.15
541,人的痛苦和孤独,4,193,591.13
542,人的痛苦和孤独,4,194,593.19
543,人的痛苦和孤独,4,194,595.8
544,人的痛苦和孤独,4,195,600.45
545,人的痛苦和孤独,4,195,603.71
546,人的痛苦和孤独,4,196,606.16
547,人的痛苦和孤独,4,197,612.18
548,,5,198,2.84
549,,5,198,8.6
550,,5,199,11.22
551,,5,199,13.34
552,,5,200,15.46
553,,5,200,16.85
554,,5,200,18.66
555,,5,200,19.5
556,,5,200,21.3
557,,5,200,23.33
558,,5,200,25.68
559,,5,200,27.93
560,,5,200,28.55
561,,5,200,33.79
562,,5,201,35.91
563,,5,202,36.85
564,,5,202,38.62
565,财富贪婪迷失什么是拥有,5,202,43.34
566,财富贪婪迷失什么是拥有,5,202,46.88
567,,5,202,48.44
568,,5,203,56.33
569,实业家对物质财富的追求工作与生活失衡的问题以及现代社会中的自然资源控制欲和个体的社会孤立,5,204,63.34
570,,5,204,68.47
571,,5,204,73.55
572,,5,204,80.95
573,,5,204,82.57
574,,5,204,85.19
575,,5,204,90.06
576,实业家忙于计算甚至没有时间重新点燃他的烟卷现代生活中人们对工作的过度投入以至于忽视了生活中的小乐趣和人际交往,5,205,99.46
577,,5,206,101
578,,5,207,104.86
579,,5,208,106.44
580,,5,209,107.58
581,财富贪婪迷失什么是拥有,5,209,112.8
582,财富贪婪迷失什么是拥有,5,209,114.26
583,财富贪婪迷失什么是拥有,5,209,116.13
584,,5,210,117.49
585,,5,210,119.05
586,,5,211,119.82
587,,5,211,120.89
588,,5,212,123.87
589,,5,213,127.78
590,,5,213,130.58
591,,5,214,132.9
592,,5,215,134.58
593,,5,216,135.62
594,财富贪婪迷失什么是拥有,5,217,137.01
595,财富贪婪迷失什么是拥有,5,217,138.74
596,财富贪婪迷失什么是拥有,5,218,141.61
597,财富贪婪迷失什么是拥有,5,219,142.77
598,财富贪婪迷失什么是拥有,5,220,149.47
599,儿财富贪婪迷失什么是拥有,5,220,150.65
600,财富贪婪迷失什么是拥有,5,221,153.52
601,财富贪婪迷失什么是拥有,5,222,155.87
602,财富贪婪迷失什么是拥有,5,222,158.72
603,财富贪婪迷失什么是拥有,5,222,164.56
604,财富贪婪迷失什么是拥有,5,223,177.17
605,星星作为夜空中自然而然存在的美丽事物自然界的奇迹和宇宙的广阔实业家对星星的拥有和统计试图将无法真正被占有的自然美归为个人财产的愚蠢财富贪婪迷失什么是拥有,5,224,180.04
606,财富贪婪迷失什么是拥有,5,224,183.22
607,财富贪婪迷失什么是拥有,5,225,184.9
608,财富贪婪迷失什么是拥有,5,225,186.44
609,财富贪婪迷失什么是拥有,5,226,191.74
610,财富贪婪迷失什么是拥有,5,227,193.36
611,财富贪婪迷失什么是拥有,5,228,194.6
612,财富贪婪迷失什么是拥有,5,228,199.57
613,财富贪婪迷失什么是拥有,5,228,204.26
614,财富贪婪迷失什么是拥有,5,228,210.54
615,财富贪婪迷失什么是拥有,5,228,216.8
616,财富贪婪迷失什么是拥有,5,229,220.27
617,财富贪婪迷失什么是拥有,5,229,223.24
618,财富贪婪迷失什么是拥有,5,230,225.73
619,财富贪婪迷失什么是拥有,5,230,228.57
620,财富贪婪迷失什么是拥有,5,230,230.38
621,财富贪婪迷失什么是拥有,5,230,232.72
622,财富贪婪迷失什么是拥有,5,231,235.5
623,财富贪婪迷失什么是拥有,5,231,243.95
624,财富贪婪迷失什么是拥有,5,231,248.7
625,财富贪婪迷失什么是拥有,5,231,253.68
626,财富贪婪迷失什么是拥有,5,231,256.34
627,财富贪婪迷失什么是拥有,5,232,258.7
628,财富贪婪迷失什么是拥有,5,233,263.14
629,财富贪婪迷失什么是拥有,5,233,265.72
630,财富贪婪迷失什么是拥有,5,234,267.76
631,财富贪婪迷失什么是拥有,5,235,269.21
632,儿财富贪婪迷失什么是拥有,5,236,272.19
633,财富贪婪迷失什么是拥有,5,236,273.65
634,儿财富贪婪迷失什么是拥有,5,236,277.95
635,财富贪婪迷失什么是拥有,5,237,283.61
636,财富贪婪迷失什么是拥有,5,237,288.38
637,财富贪婪迷失什么是拥有,5,237,294.36
638,财富贪婪迷失什么是拥有,5,237,297.12
639,财富贪婪迷失什么是拥有,5,237,302.91
640,小王子照顾火山和花一种对自然界负责任的态度和与之和谐共存的愿望相比之下实业家的星星拥有一种控制和利用自然的态度忽视了与自然界建立真正意义上的联系财富贪婪迷失什么是拥有,5,237,311.48
641,财富贪婪迷失什么是拥有,5,238,319.11
642,,5,239,322.37
643,,5,239,325.04
644,,5,239,329.55
645,,5,239,341.02
646,,5,240,346.06
647,,5,240,353.24
648,,5,240,356.1
649,,5,240,362.11
650,,5,240,367.19
651,,5,240,369.26
652,,5,240,371.5
653,,5,241,377.47
654,,5,242,381.35
655,机械化的生活和无意义的劳动灯塔守护者遵循规则每分钟点亮和熄灭灯塔没有时间休息在现代生活中人们如何被例行公事所束缚忘记了生活的真谛,5,243,384.99
656,,5,243,386.18
657,,5,244,388.22
658,,5,245,390.74
659,,5,245,392.32
660,,5,246,395.06
661,,5,247,398.54
662,,5,248,402.1
663,,5,249,404.99
664,,5,250,408.26
665,,5,250,410.36
666,,5,250,411.58
667,,5,251,414.55
668,,5,252,418.8
669,,5,252,421.85
670,,5,252,423.36
671,,5,252,425.61
672,,5,252,433.28
673,,5,253,436.71
674,现实世界中人们的机械和麻木,5,253,439.03
675,现实世界中人们的机械和麻木,5,253,444.42
676,现实世界中人们的机械和麻木,5,254,446.02
677,现实世界中人们的机械和麻木,5,254,447.54
678,现实世界中人们的机械和麻木,5,255,452.58
679,现实世界中人们的机械和麻木,5,255,455.95
680,现实世界中人们的机械和麻木,5,256,457.45
681,现实世界中人们的机械和麻木,5,256,460.41
682,现实世界中人们的机械和麻木,5,257,463.59
683,,5,257,467.09
684,,5,258,468.37
685,,5,259,469.22
686,,5,259,470.43
687,,5,259,471.26
688,,5,259,472.49
689,,5,260,475.85
690,现实世界中人们的机械和麻木,5,261,480.76
691,儿现实世界中人们的机械和麻木,5,261,485.65
692,现实世界中人们的机械和麻木,5,261,497.59
693,现实世界中人们的机械和麻木,5,262,502.11
694,,5,263,508.14
695,,5,263,512.22
696,,5,263,518.74
697,,5,264,523.26
698,,5,264,526.19
699,,5,265,529.45
700,,5,266,532.28
701,,5,266,533.6
702,,5,267,536.53
703,,5,268,550.84
704,,5,268,554.85
705,真正的意义在于能为别人提供价值,5,268,559.42
706,,5,269,568.25
707,,5,269,570.75
708,,5,269,583.45
709,,6,270,1.9
710,,6,270,5.95
711,,6,271,7.56
712,,6,271,9.4
713,,6,271,12.75
714,,6,272,16.01
715,,6,272,17.89
716,,6,273,20.38
717,,6,273,22.62
718,,6,274,25.49
719,,6,274,26.93
720,,6,274,28.64
721,,6,275,32.54
722,,6,276,34.64
723,,6,277,45.63
724,,6,278,49.83
725,,6,278,52.11
726,,6,278,55.36
727,,6,278,58.74
728,,6,279,60.94
729,,6,279,63.03
730,那些只注重知识积累而忽略亲身经验的人自己却从未去探索知识与真正的智慧之间的差异以及亲身体验对于理解世界的重要性,6,280,67.46
731,,6,281,68.67
732,,6,281,71.18
733,,6,281,73.61
734,,6,282,77.93
735,,6,283,82.18
736,,6,284,86.95
737,官僚脱离现实,6,285,89.77
738,官僚脱离现实,6,286,96.51
739,官僚脱离现实,6,286,99.43
740,官僚脱离现实,6,286,106.25
741,官僚脱离现实,6,286,109.85
742,官僚脱离现实,6,286,112.2
743,官僚脱离现实,6,286,116.12
744,官僚脱离现实,6,286,120.42
745,官僚脱离现实,6,286,130.9
746,官僚脱离现实,6,287,133.03
747,官僚脱离现实,6,288,139.22
748,官僚脱离现实,6,288,144.33
749,,6,289,146.69
750,,6,289,148.09
751,,6,290,153.01
752,,6,290,159.53
753,,6,291,166.66
754,,6,292,168.67
755,探察家那些勇于探索未知收集信息并与世界互动的人他们的角色和行为人类的好奇心探索精神以及对知识和真理的追求,6,292,175.31
756,,6,293,176.74
757,,6,294,178
758,,6,294,179.46
759,,6,294,182.77
760,,6,294,188.71
761,,6,295,191.31
762,,6,296,194.12
763,,6,296,195.69
764,,6,296,198.6
765,,6,297,203.14
766,,6,297,206.51
767,,6,297,210.22
768,,6,298,212.45
769,,6,298,214.42
770,,6,299,220.33
771,,6,299,221.92
772,,6,299,225.22
773,,6,299,226.74
774,,6,300,229.91
775,,6,301,231.55
776,花朵是生活中最脆弱和短暂的东西虽然短暂的东西在物理上不是永恒的但它给生活带来了意义,6,302,235.88
777,,6,303,237.41
778,,6,303,240.57
779,生命的脆弱和美丽事物的短暂性小王子的花他星球上最美丽的东西那些让我们的生活变得美好却又不可持久的瞬间和事物花朵是生活中最脆弱和短暂的东西虽然短暂的东西在物理上不是永恒的但它给生活带来了意义,6,304,244.18
780,花朵是生活中最脆弱和短暂的东西虽然短暂的东西在物理上不是永恒的但它给生活带来了意义,6,305,246.54
781,花朵是生活中最脆弱和短暂的东西虽然短暂的东西在物理上不是永恒的但它给生活带来了意义,6,306,253.36
782,花朵是生活中最脆弱和短暂的东西虽然短暂的东西在物理上不是永恒的但它给生活带来了意义,6,306,256.75
783,花朵是生活中最脆弱和短暂的东西虽然短暂的东西在物理上不是永恒的但它给生活带来了意义,6,306,260.6
784,花朵是生活中最脆弱和短暂的东西虽然短暂的东西在物理上不是永恒的但它给生活带来了意义,6,306,264.48
785,花朵是生活中最脆弱和短暂的东西虽然短暂的东西在物理上不是永恒的但它给生活带来了意义,6,306,268.23
786,花朵是生活中最脆弱和短暂的东西虽然短暂的东西在物理上不是永恒的但它给生活带来了意义,6,307,275.28
787,花朵是生活中最脆弱和短暂的东西虽然短暂的东西在物理上不是永恒的但它给生活带来了意义,6,307,277.49
788,花朵是生活中最脆弱和短暂的东西虽然短暂的东西在物理上不是永恒的但它给生活带来了意义,6,308,286.98
789,花朵是生活中最脆弱和短暂的东西虽然短暂的东西在物理上不是永恒的但它给生活带来了意义,6,308,290.48
790,花朵是生活中最脆弱和短暂的东西虽然短暂的东西在物理上不是永恒的但它给生活带来了意义,6,308,294.32
791,花朵是生活中最脆弱和短暂的东西虽然短暂的东西在物理上不是永恒的但它给生活带来了意义,6,309,298.14
792,花朵是生活中最脆弱和短暂的东西虽然短暂的东西在物理上不是永恒的但它给生活带来了意义,6,309,303.41
793,花朵是生活中最脆弱和短暂的东西虽然短暂的东西在物理上不是永恒的但它给生活带来了意义,6,310,308.87
794,花朵是生活中最脆弱和短暂的东西虽然短暂的东西在物理上不是永恒的但它给生活带来了意义,6,311,312.66
795,花朵是生活中最脆弱和短暂的东西虽然短暂的东西在物理上不是永恒的但它给生活带来了意义,6,312,314.79
796,花朵是生活中最脆弱和短暂的东西虽然短暂的东西在物理上不是永恒的但它给生活带来了意义,6,313,323.82
797,花朵是生活中最脆弱和短暂的东西虽然短暂的东西在物理上不是永恒的但它给生活带来了意义,6,313,326.67
798,花朵是生活中最脆弱和短暂的东西虽然短暂的东西在物理上不是永恒的但它给生活带来了意义,6,314,329.81
799,,6,314,335.07
800,,6,314,336.69
801,,6,315,341.66
802,,6,315,350.89
803,,6,316,355.13
804,,6,317,358.2
805,,6,317,374.86
806,,6,318,389.58
807,,6,319,394.44
808,日常生活中简单活动的美丽和诗意即使是最平凡的任务也可以拥有其独特的魅力和价值,6,319,399.74
809,,6,319,403.24
810,,6,319,406.46
811,,6,319,410.3
812,,6,319,412.96
813,,6,319,416.75
814,,6,319,419.36
815,,6,319,421.25
816,,6,319,422.73
817,,6,319,425.69
818,,6,319,426.82
819,,6,320,438.67
820,,6,321,443.56
821,,6,321,447.87
822,,6,321,452.22
823,,6,321,455.55
824,,6,321,465.22
825,,6,321,470.16
826,人的自我认知,6,322,473.76
827,人的自我认知,6,322,476.05
828,人的自我认知,6,322,479.47
829,人的自我认知,6,322,481.54
830,人的自我认知,6,322,485.75
831,人的自我认知,6,322,490.67
832,人的自我认知,6,322,491.91
833,,6,322,493.93
834,,6,323,498.94
835,,6,323,505.1
836,,6,324,508.96
837,,6,325,511.81
838,,6,326,514.54
839,,6,326,515.96
840,,6,327,520.22
841,,6,328,521.19
842,,6,328,524.86
843,,6,329,526.93
844,绝境,6,329,528.7
845,,6,329,532.05
846,,6,330,544.24
847,,6,330,546.28
848,,6,330,551.36
849,,6,331,554.1
850,,6,331,556.7
851,,6,332,561.32
852,,6,333,562.51
853,,6,333,563.96
854,,6,334,567.26
855,孤独,6,335,569.97
856,孤独,6,335,572.36
857,孤独,6,335,581.02
858,,6,336,597.25
859,死亡,6,337,612.35
860,生命中的转变和未知的启示某种神秘和超自然的意味指向生命旅途中不可避免的改变和成长死亡,6,338,622.42
861,,6,338,630.21
862,,6,339,635.99
863,,6,339,641.01
864,,6,339,643.05
865,,6,339,650.5
866,,6,340,655.25
867,,6,341,658.16
868,,6,342,661.98
869,,6,342,669.51
870,,6,343,671.86
871,,6,344,674.34
872,,6,344,676.74
873,骆驼商队穿越沙漠人类在生命旅途中的流浪和探索这种流动性人类对未知的好奇心和探索世界的欲望,6,345,682.28
874,,6,345,685.26
875,,6,345,688.07
876,人的处境,6,345,691.73
877,人的处境,6,345,693.8
878,人的处境,6,345,697.88
879,,6,346,700.82
880,,6,347,703.06
881,,6,348,706.32
882,,6,348,710.8
883,,6,348,714.86
884,,6,348,728.27
885,孤独,6,349,732.09
886,孤独,6,350,738.18
887,孤独,6,351,740.54
888,孤独,6,351,742.07
889,孤独,6,352,751.58
890,孤独,6,353,757.32
891,孤独,6,354,764.91
892,孤独,6,355,768.78
893,孤独,6,355,766.55
894,孤独,6,355,773.23
895,孤独,6,355,775.2
896,孤独,6,355,782.88
897,,7,356,6.84
898,,7,356,10.17
899,,7,357,13.11
900,,7,358,15.92
901,,7,359,18.52
902,,7,360,20.43
903,,7,360,22.59
904,,7,361,24.74
905,,7,361,26.53
906,,7,362,30.39
907,,7,363,33.11
908,怀念爱情心疼后悔,7,363,38.12
909,,7,363,43.35
910,怀念爱情心疼后悔,7,364,56.81
911,本身的普通因为爱而独一无二,7,364,75.45
912,,7,364,91.72
913,朋友智者引导你的人,7,365,95.04
914,,7,366,98.31
915,,7,367,105.03
916,,7,368,110.39
917,,7,369,113.41
918,,7,369,119.46
919,,7,370,122.94
920,,7,370,129.07
921,关系的缔结自我和他人的联系意味着羁绊,7,370,132.16
922,关系的缔结自我和他人的联系意味着羁绊,7,370,136.35
923,关系的缔结自我和他人的联系意味着羁绊,7,371,141.1
924,,7,372,144.62
925,,7,372,146.59
926,,7,373,149.85
927,一个人和另外一个人建立深刻的联系爱的责任关系的缔结自我和他人的联系意味着羁绊,7,373,152.1
928,关系的缔结自我和他人的联系意味着羁绊,7,374,157.56
929,关系的缔结自我和他人的联系意味着羁绊,7,374,158.8
930,关系的缔结自我和他人的联系意味着羁绊,7,374,160.38
931,关系的缔结自我和他人的联系意味着羁绊,7,374,163.29
932,关系的缔结自我和他人的联系意味着羁绊,7,374,165.11
933,关系的缔结自我和他人的联系意味着羁绊,7,375,167.45
934,关系的缔结自我和他人的联系意味着羁绊,7,375,169.32
935,建立深厚的情感联系友谊的建立人际关系的深度是通过时间和经历共同度过而形成的对于关系的珍惜和维护的重要性关系的缔结自我和他人的联系意味着羁绊,7,375,171.34
936,关系的缔结自我和他人的联系意味着羁绊,7,376,176.51
937,关系的缔结自我和他人的联系意味着羁绊,7,376,181.59
938,关系的缔结自我和他人的联系意味着羁绊,7,377,184.49
939,关系的缔结自我和他人的联系意味着羁绊,7,377,190.83
940,关系的缔结自我和他人的联系意味着羁绊,7,377,192.34
941,关系的缔结自我和他人的联系意味着羁绊,7,377,194.23
942,关系的缔结自我和他人的联系意味着羁绊,7,377,200.71
943,关系的缔结自我和他人的联系意味着羁绊,7,377,206.6
944,关系的缔结自我和他人的联系意味着羁绊,7,377,209.75
945,关系的缔结自我和他人的联系意味着羁绊,7,377,217.03
946,关系的缔结自我和他人的联系意味着羁绊,7,377,224.49
947,关系的缔结自我和他人的联系意味着羁绊,7,377,227.77
948,,7,378,232.11
949,,7,379,237.31
950,,7,380,240.1
951,,7,381,241.29
952,,7,382,242.85
953,,7,382,244.85
954,,7,383,246.11
955,,7,384,250.85
956,关系的缔结自我和他人的联系意味着羁绊,7,385,255.59
957,关系的缔结自我和他人的联系意味着羁绊,7,385,258.84
958,日常生活中普遍而平凡的事物以及对变化和特殊意义的渴望关系的缔结自我和他人的联系意味着羁绊,7,385,262.63
959,关系的缔结自我和他人的联系意味着羁绊,7,385,265.39
960,关系的缔结自我和他人的联系意味着羁绊,7,385,270.87
961,关系的缔结自我和他人的联系意味着羁绊,7,385,273.68
962,关系的缔结自我和他人的联系意味着羁绊,7,385,276.45
963,关系的缔结自我和他人的联系意味着羁绊,7,385,280.92
964,关系的缔结自我和他人的联系意味着羁绊,7,385,284.37
965,关系的缔结自我和他人的联系意味着羁绊,7,385,285.81
966,关系的缔结自我和他人的联系意味着羁绊,7,385,288.19
967,关系的缔结自我和他人的联系意味着羁绊,7,385,290.57
968,关系的缔结自我和他人的联系意味着羁绊,7,385,293.29
969,优点关系的缔结自我和他人的联系意味着羁绊,7,385,296.21
970,关系的缔结自我和他人的联系意味着羁绊,7,385,300.37
971,原本是无关紧要的没有实际用处然而通过与小王子的情感联系变得有意义它们成为了小王子的象征让狐狸联想到他们之间的友谊和爱关系的缔结自我和他人的联系意味着羁绊,7,385,304.6
972,关系的缔结自我和他人的联系意味着羁绊,7,385,313.06
973,关系的缔结自我和他人的联系意味着羁绊,7,386,316.68
974,,7,387,321.95
975,,7,387,325.73
976,关系的缔结自我和他人的联系意味着羁绊,7,388,330.56
977,关系的缔结自我和他人的联系意味着羁绊,7,388,334.29
978,对物质主义的批评成年人忘记了欣赏生活中简单美好事物的能力对于成就和财富的盲目追求关系的缔结自我和他人的联系意味着羁绊,7,388,337.72
979,关系的缔结自我和他人的联系意味着羁绊,7,388,343.12
980,关系的缔结自我和他人的联系意味着羁绊,7,388,347.46
981,关系的缔结自我和他人的联系意味着羁绊,7,389,350.44
982,,7,389,351.73
983,关系的缔结自我和他人的联系意味着羁绊,7,390,355.23
984,关系的缔结自我和他人的联系意味着羁绊,7,390,359.41
985,关系的缔结自我和他人的联系意味着羁绊,7,390,362.31
986,关系的缔结自我和他人的联系意味着羁绊,7,390,364.79
987,关系的缔结自我和他人的联系意味着羁绊,7,390,372.15
988,关系的缔结自我和他人的联系意味着羁绊,7,391,376.18
989,关系的缔结自我和他人的联系意味着羁绊,7,391,382.25
990,关系的缔结自我和他人的联系意味着羁绊,7,391,385.59
991,关系的缔结自我和他人的联系意味着羁绊,7,391,391.16
992,关系的缔结自我和他人的联系意味着羁绊,7,391,399.72
993,关系的缔结自我和他人的联系意味着羁绊,7,392,402.76
994,,7,392,404.16
995,关系的缔结自我和他人的联系意味着羁绊,7,393,408.79
996,关系的缔结自我和他人的联系意味着羁绊,7,393,415.11
997,,7,393,418.54
998,,7,393,422.11
999,,7,393,425.12
1000,,7,393,427.58
1001,,7,393,433.72
1002,,7,394,437.04
1003,,7,394,444.21
1004,,7,395,447.62
1005,,7,395,455.05
1006,,7,396,457.48
1007,,7,396,458.92
1008,,7,397,461.48
1009,,7,398,464.61
1010,,7,399,470.34
1011,,7,400,475.16
1012,爱情人类的虚荣心和敏感性玫瑰的自负和需求性展示了人与人之间关系的脆弱和复杂关怀和理解在维护这些关系中很重要,7,400,480.61
1013,,7,400,485.07
1014,是爱和关系的缔结使得平凡变得特殊独一无二,7,401,495.82
1015,是爱和关系的缔结使得平凡变得特殊独一无二,7,401,500.01
1016,是爱和关系的缔结使得平凡变得特殊独一无二,7,401,502.23
1017,是爱和关系的缔结使得平凡变得特殊独一无二,7,401,506.4
1018,是爱和关系的缔结使得平凡变得特殊独一无二,7,401,513.45
1019,是爱和关系的缔结使得平凡变得特殊独一无二,7,402,517.49
1020,是爱和关系的缔结使得平凡变得特殊独一无二,7,403,523.48
1021,是爱和关系的缔结使得平凡变得特殊独一无二,7,403,526.15
1022,是爱和关系的缔结使得平凡变得特殊独一无二,7,403,531.87
1023,是爱和关系的缔结使得平凡变得特殊独一无二,7,403,556.33
1024,是爱和关系的缔结使得平凡变得特殊独一无二,7,403,559.49
1025,,7,404,567.4
1026,,7,404,570.17
1027,只有真心才能看清宝贵的东西表面是不够的,7,404,574.63
1028,只有真心才能看清宝贵的东西表面是不够的,7,404,578.79
1029,,7,405,588.99
1030,是爱和关系的缔结使得平凡变得特殊独一无二,7,406,595.73
1031,,7,407,604.03
1032,,7,408,608.66
1033,,7,408,611.1
1034,,7,408,614.83
1035,无论遇到什么都要对自己的感情负责,7,408,625.12
1036,,7,409,627.98
1037,,7,410,630.91
1038,,7,411,633.17
1039,,7,411,634.48
1040,,7,412,640.23
1041,,7,412,646.03
1042,,7,413,653.05
1043,人的迷失,7,414,656.35
1044,人的迷失,7,414,658.13
1045,人的迷失,7,415,662.34
1046,,7,416,668.35
1047,,7,417,670.89
1048,现代社会中时间的管理和生活的快节奏人们在生活中经常匆匆忙忙可能却不清楚自己的最终目的,7,417,675.81
1049,,7,417,678.2
1050,人的迷失,7,418,681.82
1051,人的迷失,7,419,687.05
1052,,7,420,691.21
1053,人的迷失,7,421,694.81
1054,,7,421,696.39
1055,人的迷失,7,422,699.42
1056,人的迷失,7,422,703.23
1057,人的迷失,7,422,707.07
1058,孩子们对生活的纯真见解和他们对事物内在价值的认识相对于成年人的目的性丧失和匆忙孩子们能够真正意识到让他们幸福的是什么,7,423,712.62
1059,人的迷失,7,423,726.63
1060,,8,424,1.66
1061,世俗观念贪婪,8,425,7.9
1062,,8,425,10.79
1063,,8,426,13.35
1064,,8,426,14.55
1065,,8,427,18.74
1066,,8,427,20.34
1067,,8,427,23.39
1068,意义,8,428,26.78
1069,意义,8,429,38.02
1070,,8,430,46.82
1071,还没整理好我的生活,8,431,62.41
1072,,8,432,69.72
1073,,8,433,71.11
1074,,8,434,81.93
1075,,8,434,89.47
1076,,8,434,91.48
1077,他们在寻找他们没有但需要的东西那隐藏在表面之下的宝藏以便继续前行水包含了生命的意义爱友谊意义归属感一起找到并分享这一切满足了他们的身体和精神上的渴望,8,434,108.16
1078,他们在寻找他们没有但需要的东西那隐藏在表面之下的宝藏以便继续前行水包含了生命的意义爱友谊意义归属感一起找到并分享这一切满足了他们的身体和精神上的渴望,8,434,111.63
1079,星星在夜晚亮起为小王子和飞行员在沙漠中的寻找提供了光明和方向在困难和黑暗时刻中的希望和指引星星的亮起提醒人们即使在最艰难的情况下也总有希望存在,8,435,119.1
1080,,8,435,124.89
1081,,8,435,130.32
1082,,8,435,131.5
1083,,8,436,133.32
1084,,8,436,144.37
1085,,8,437,145.75
1086,,8,437,147.25
1087,,8,437,148.86
1088,因为爱情和羁绊而有特殊意义,8,437,156.33
1089,,8,438,162.93
1090,,8,439,168.79
1091,,8,439,170.43
1092,,8,439,174.07
1093,在广阔而看似荒凉的生活中隐藏的生命之源和深层次的满足它不仅是物理的水源更是精神上寻求的答案和内心的满足人类对生命意义和深刻情感连接的渴望,8,439,189.39
1094,,8,439,197.03
1095,人们会忽视没有直接价值的东西没有好奇心和探索的渴望,8,439,204.07
1096,,8,439,208.55
1097,一切事物和人生的真正意义不在表面而在深处需要主动努力探寻思考和感受,8,439,220.7
1098,,8,439,225.97
1099,,8,440,232.12
1100,,8,440,233.59
1101,,8,440,235.94
1102,,8,440,238.97
1103,真正重要的是小王子的内心和灵魂的纯净美好和深刻,8,440,251.53
1104,爱情感意义的追寻是无比珍贵的,8,440,282.55
1105,珍视这份纯真深刻爱与希望,8,440,292.24
1106,人们迷失在生活劳碌中失去对真正意义的追寻,8,441,298.99
1107,人们迷失在生活劳碌中失去对真正意义的追寻,8,441,310.21
1108,,8,441,313.04
1109,,8,441,316.21
1110,,8,441,321.7
1111,,8,442,333.02
1112,,8,442,338.43
1113,他们在寻找他们没有但需要的东西那隐藏在表面之下的宝藏以便继续前行水包含了生命的意义爱友谊意义归属感一起找到并分享这一切满足了他们的身体和精神上的渴望,8,443,346.88
1114,,8,443,351.47
1115,,8,444,356.1
1116,,8,444,363.68
1117,他们在寻找他们没有但需要的东西那隐藏在表面之下的宝藏以便继续前行水包含了生命的意义爱友谊意义归属感一起找到并分享这一切满足了他们的身体和精神上的渴望,8,445,372.37
1118,,8,446,374.73
1119,,8,446,376.39
1120,他们在寻找他们没有但需要的东西那隐藏在表面之下的宝藏以便继续前行水包含了生命的意义爱友谊意义归属感一起找到并分享这一切满足了他们的身体和精神上的渴望,8,446,378.71
1121,他们在寻找他们没有但需要的东西那隐藏在表面之下的宝藏以便继续前行水包含了生命的意义爱友谊意义归属感一起找到并分享这一切满足了他们的身体和精神上的渴望,8,446,381.86
1122,共同经历和付出努力得到的回报提醒价值往往来源于追求和实现的过程,8,446,388.72
1123,他们在寻找他们没有但需要的东西那隐藏在表面之下的宝藏以便继续前行水包含了生命的意义爱友谊意义归属感一起找到并分享这一切满足了他们的身体和精神上的渴望,8,446,391.63
1124,真正的幸福,8,446,402.71
1125,人们迷失于纷繁世界却不知道真正的意义是什么,8,447,415.92
1126,他们都渴望的水是爱友谊意义归属感,8,448,431.18
1127,,8,448,435.5
1128,,8,448,437.4
1129,,8,448,440.39
1130,,8,448,443.33
1131,,8,448,453.77
1132,,8,449,455.45
1133,他对自己所爱之物如他的玫瑰的责任感个人对他人或所爱之物应承担的责任和保护确保它们不受伤害,8,450,463.7
1134,,8,450,469.15
1135,,8,451,473.03
1136,,8,452,479.71
1137,,8,453,482.52
1138,孩子的想象力和创造力能在简单的图画中看到更深层的故事和意义而成人往往只看到表面,8,454,490.65
1139,,8,455,495.96
1140,,8,456,499.11
1141,,8,456,509.62
1142,,8,456,524.84
1143,,8,457,529.04
1144,,8,457,542.03
1145,,8,457,544.93
1146,,8,458,547.05
1147,,8,459,551.95
1148,,8,460,561.5
1149,,8,461,570.7
1150,,8,461,572.94
1151,,8,461,574.25
1152,,8,461,578.92
1153,,8,461,581.05
1154,,8,461,585.19
1155,,9,462,3.16
1156,,9,462,9.7
1157,,9,462,13.5
1158,,9,462,15.11
1159,,9,463,21.54
1160,,9,463,27.72
1161,,9,463,31.17
1162,,9,463,34.72
1163,,9,463,38.33
1164,,9,463,40.08
1165,,9,463,46.57
1166,面对生命中不可避免的变化如成长离别死亡时的恐惧和接受的过程他的勇气在于直面未知愿意为了返回自己的星球和重逢所爱之人而冒险,9,464,50.83
1167,,9,464,53.98
1168,,9,465,58.59
1169,,9,466,63.66
1170,,9,467,68.31
1171,,9,467,75.84
1172,,9,467,91.55
1173,,9,468,99.31
1174,,9,469,102.5
1175,,9,469,104.92
1176,金黄色的围脖小王子与他的星球以及他所爱的玫瑰之间的联系亲密温暖和爱的纽带小王子对即将离去的准备对即将发生的变化的接受以及与飞行员之间深层次情感连接,9,469,108.72
1177,,9,469,112.57
1178,,9,469,115.81
1179,,9,469,119.64
1180,,9,469,125.91
1181,在成人世界重视功能和效率的观念逻辑实用主义和物质性中重新发现了友情爱和人生的意义从而使机器超越了其物质功能成为通往更深层次人际关系和精神探索的工具,9,469,132.11
1182,,9,469,136.42
1183,,9,470,142.9
1184,,9,471,162.48
1185,,9,471,177.91
1186,,9,472,182.36
1187,,9,472,187.77
1188,,9,473,190.38
1189,,9,473,199.65
1190,,9,473,209.22
1191,,9,473,219.32
1192,即使在最艰苦的环境中生命中总有那么些能给予我们力量和希望的东西,9,473,224.87
1193,,9,474,235.63
1194,,9,474,251.72
1195,真正重要的是深层的隐藏的价值,9,474,260.42
1196,小王子的纯洁快乐他们之间的共同记忆和真诚感情小王子所归属的更纯净的神秘世界希望永恒和超越死亡,9,474,269.25
1197,小王子的纯洁快乐他们之间的共同记忆和真诚感情小王子所归属的更纯净的神秘世界希望永恒和超越死亡,9,474,275.97
1198,小王子的纯洁快乐他们之间的共同记忆和真诚感情小王子所归属的更纯净的神秘世界希望永恒和超越死亡,9,474,284.92
1199,指引和希望小王子的纯洁快乐他们之间的共同记忆和真诚感情小王子所归属的更纯净的神秘世界希望永恒和超越死亡,9,475,289.07
1200,小王子的纯洁快乐他们之间的共同记忆和真诚感情小王子所归属的更纯净的神秘世界希望永恒和超越死亡,9,475,294.88
1201,小王子的纯洁快乐他们之间的共同记忆和真诚感情小王子所归属的更纯净的神秘世界希望永恒和超越死亡,9,475,296.77
1202,小王子的纯洁快乐他们之间的共同记忆和真诚感情小王子所归属的更纯净的神秘世界希望永恒和超越死亡,9,475,301.14
1203,小王子的纯洁快乐他们之间的共同记忆和真诚感情小王子所归属的更纯净的神秘世界希望永恒和超越死亡,9,475,307.85
1204,,9,475,313.05
1205,,9,476,315.51
1206,小王子的纯洁快乐他们之间的共同记忆和真诚感情小王子所归属的更纯净的神秘世界希望永恒和超越死亡,9,476,322.03
1207,,9,476,326.04
1208,不同人所拥有的不同且赋予的意义也不同,9,477,332.94
1209,,9,477,336.42
1210,许多人并不珍视看似没有实际意义的东西,9,477,339.98
1211,,9,477,344.72
1212,,9,477,349.41
1213,,9,477,353.03
1214,小王子的纯洁快乐他们之间的共同记忆和真诚感情小王子所归属的更纯净的神秘世界希望永恒和超越死亡,9,477,360.07
1215,小王子的纯洁快乐他们之间的共同记忆和真诚感情小王子所归属的更纯净的神秘世界希望永恒和超越死亡,9,478,373.95
1216,小王子的纯洁快乐他们之间的共同记忆和真诚感情小王子所归属的更纯净的神秘世界希望永恒和超越死亡,9,478,378.52
1217,,9,479,382.01
1218,小王子的纯洁快乐他们之间的共同记忆和真诚感情小王子所归属的更纯净的神秘世界希望永恒和超越死亡,9,480,391.57
1219,小王子的纯洁快乐他们之间的共同记忆和真诚感情小王子所归属的更纯净的神秘世界希望永恒和超越死亡,9,480,393.81
1220,小王子的纯洁快乐他们之间的共同记忆和真诚感情小王子所归属的更纯净的神秘世界希望永恒和超越死亡,9,480,396.83
1221,小王子的纯洁快乐他们之间的共同记忆和真诚感情小王子所归属的更纯净的神秘世界希望永恒和超越死亡,9,480,405.18
1222,小王子的纯洁快乐他们之间的共同记忆和真诚感情小王子所归属的更纯净的神秘世界希望永恒和超越死亡,9,480,411.44
1223,,9,480,413.57
1224,,9,480,420.13
1225,小王子的纯洁快乐他们之间的共同记忆和真诚感情小王子所归属的更纯净的神秘世界希望永恒和超越死亡,9,481,427.93
1226,,9,481,436.02
1227,,9,482,438.98
1228,,9,483,444.25
1229,,9,483,445.79
1230,,9,483,450.94
1231,,9,484,454.13
1232,,9,485,458.08
1233,,9,485,461.82
1234,,9,485,465.48
1235,,9,486,477.04
1236,,9,486,479.27
1237,,9,486,483.1
1238,,9,486,485.66
1239,,9,486,489.11
1240,,9,486,491.12
1241,,9,487,493.34
1242,,9,487,495.01
1243,,9,487,501.71
1244,,9,488,503.34
1245,人生的道路和归宿很漫长死亡不代表终结,9,488,504.49
1246,物理的身躯无益于去追寻真正的意义死亡不代表终结,9,488,506.53
1247,物理的身躯无益于去追寻真正的意义死亡不代表终结,9,488,507.88
1248,,9,489,510.42
1249,尽管人的躯体或者物质的外壳的死去并不代表真正的死亡或结束而是某种形式的重生或转变到另一个存在状态,9,490,513.88
1250,死亡不代表终结,9,490,518.62
1251,,9,491,520.42
1252,,9,491,525.7
1253,,9,491,527.43
1254,死亡不代表终结因为两人有共同的情感和回忆对意义的追寻,9,491,531.12
1255,死亡不代表终结因为两人有共同的情感和回忆对意义的追寻,9,491,536.19
1256,,9,492,538.39
1257,两人缔结的深厚情感和羁绊生成的意义,9,492,548.64
1258,,9,493,552.56
1259,,9,494,556.22
1260,,9,494,561.94
1261,,9,494,564.37
1262,,9,494,566.36
1263,,9,494,576.71
1264,,9,494,585.37
1265,,9,494,587.01
1266,,9,494,589.22
1267,,9,495,593.38
1268,,9,495,596.09
1269,,9,495,597.9
1270,,9,495,601.81
1271,,9,495,606.13
1272,,9,496,615
1273,,9,496,619.41
1274,,9,496,628.78
1275,,9,496,632.01
1276,,9,496,639.82
1277,,9,496,646.55
1278,怀念记忆中的欢乐和二人之间纯真的友谊那是他对小王子的思念,9,496,652.48
1279,担心自己没有为小王子提供足够的保护,9,496,655.85
1280,,9,496,658.95
1281,,9,496,664.86
1282,,9,496,672.21
1283,相信小王子对所爱的保护,9,496,680.16
1284,,9,496,684.66
1285,,9,497,692.18
1286,,9,497,704.08
1287,人之间的真挚关系使得平凡变得独一无二,9,497,725.12
1288,,9,497,732.64
1289,人之间的真挚关系使得平凡变得独一无二追寻生命的意义而大人往往忘记真正重要的事,9,497,740.65
